eval_loss,eval_accuracy,eval_f1,eval_precision,eval_recall,epoch,timestamp,train_dataset,test_dataset,text_type_train,text_type_test,is_use_text,is_use_sources,is_use_authors,is_use_tweets,is_use_retweets,is_truncated,is_ensemble,random_state,is_hp_search,learning_rate,train_batch_size,eval_batch_size,gradient_accumulation_steps,weight_decay,,,,,,,,,,,,,,,,,,,,,,,,
0.992280304431915,0.308394623383211,0.396013289036545,0.250912152680326,0.939075630252101,3,2021-09-08 17:32:35.601248,politifact,gossipcop,basic,basic,True,False,False,False,False,True,False,50,False,5E-05,8,8,1,0.01,,,,,,,,,,,,,,,,,,,,,,,,
1.01915729045868,0.303322343393355,0.390503660971822,0.247538677918425,0.92436974789916,3,2021-09-08 17:35:46.020582,politifact,gossipcop,basic,basic,True,False,False,False,False,True,False,51,False,5E-05,8,8,1,0.01,,,,,,,,,,,,,,,,,,,,,,,,
1.0001585483551,0.309662693380675,0.397787610619469,0.251961883408072,0.944327731092437,3,2021-09-08 17:38:56.968016,politifact,gossipcop,basic,basic,True,False,False,False,False,True,False,52,False,5E-05,8,8,1,0.01,,,,,,,,,,,,,,,,,,,,,,,,
0.958722114562988,0.332234339335531,0.39706892603618,0.253879941434846,0.910714285714286,3,2021-09-08 17:42:07.591107,politifact,gossipcop,basic,basic,True,False,False,False,False,True,False,53,False,5E-05,8,8,1,0.01,,,,,,,,,,,,,,,,,,,,,,,,
1.02400064468384,0.290641643418717,0.386488264970388,0.24424729692265,0.925420168067227,3,2021-09-08 17:45:18.216274,politifact,gossipcop,basic,basic,True,False,False,False,False,True,False,54,False,5E-05,8,8,1,0.01,,,,,,,,,,,,,,,,,,,,,,,,
0.940550625324249,0.310930763378138,0.39203401208324,0.249075916974694,0.920168067226891,3,2021-09-08 17:48:28.892815,politifact,gossipcop,basic,basic,True,False,False,False,False,True,False,55,False,5E-05,8,8,1,0.01,,,,,,,,,,,,,,,,,,,,,,,,
0.972015023231506,0.321328937357342,0.396481732070365,0.252441125789776,0.923319327731092,3,2021-09-08 17:51:39.434384,politifact,gossipcop,basic,basic,True,False,False,False,False,True,False,56,False,5E-05,8,8,1,0.01,,,,,,,,,,,,,,,,,,,,,,,,
1.05258560180664,0.29647476540705,0.39326334208224,0.248342541436464,0.944327731092437,3,2021-09-08 17:54:50.382042,politifact,gossipcop,basic,basic,True,False,False,False,False,True,False,57,False,5E-05,8,8,1,0.01,,,,,,,,,,,,,,,,,,,,,,,,
1.00376522541046,0.313213289373573,0.396344181899242,0.251556310130164,0.933823529411765,3,2021-09-08 17:58:01.079134,politifact,gossipcop,basic,basic,True,False,False,False,False,True,False,58,False,5E-05,8,8,1,0.01,,,,,,,,,,,,,,,,,,,,,,,,
0.987743437290192,0.300786203398428,0.393666153507807,0.248956884561892,0.940126050420168,3,2021-09-08 18:01:12.192469,politifact,gossipcop,basic,basic,True,False,False,False,False,True,False,59,False,5E-05,8,8,1,0.01,,,,,,,,,,,,,,,,,,,,,,,,
4.42523924509684,0.287598275424803,0.395784039578404,0.248850419258859,0.966386554621849,3,2021-09-08 18:20:30.926793,politifact,gossipcop,ensemble,ensemble,True,False,False,False,False,False,True,50,False,5E-05,8,8,1,0.01,,,,,,,,,,,,,,,,,,,,,,,,
4.12955888112386,0.297489221405022,0.386353566681436,0.244806288601909,0.915966386554622,3,2021-09-08 18:39:14.360488,politifact,gossipcop,ensemble,ensemble,True,False,False,False,False,False,True,51,False,5E-05,8,8,1,0.01,,,,,,,,,,,,,,,,,,,,,,,,
4.84538904825846,0.283286837433426,0.39330184628596,0.247166756610901,0.96218487394958,3,2021-09-08 18:57:35.543548,politifact,gossipcop,ensemble,ensemble,True,False,False,False,False,False,True,52,False,5E-05,8,8,1,0.01,,,,,,,,,,,,,,,,,,,,,,,,
4.14946397145589,0.300278975399442,0.390006632765863,0.246989638756651,0.926470588235294,3,2021-09-08 19:15:43.970995,politifact,gossipcop,ensemble,ensemble,True,False,False,False,False,False,True,53,False,5E-05,8,8,1,0.01,,,,,,,,,,,,,,,,,,,,,,,,
4.55552005767822,0.288359117423282,0.385188431200701,0.243355481727575,0.923319327731092,3,2021-09-08 19:33:38.744443,politifact,gossipcop,ensemble,ensemble,True,False,False,False,False,False,True,54,False,5E-05,8,8,1,0.01,,,,,,,,,,,,,,,,,,,,,,,,
4.31582506497701,0.308901851382196,0.391605269033266,0.24865324638503,0.921218487394958,3,2021-09-08 19:51:23.570724,politifact,gossipcop,ensemble,ensemble,True,False,False,False,False,False,True,55,False,5E-05,8,8,1,0.01,,,,,,,,,,,,,,,,,,,,,,,,
4.95381959279378,0.287091047425818,0.390370852309694,0.245968843946433,0.945378151260504,3,2021-09-08 20:09:02.113977,politifact,gossipcop,ensemble,ensemble,True,False,False,False,False,False,True,56,False,5E-05,8,8,1,0.01,,,,,,,,,,,,,,,,,,,,,,,,
4.94955555597941,0.269591681460817,0.387755102040816,0.243070362473348,0.957983193277311,3,2021-09-08 20:26:32.075144,politifact,gossipcop,ensemble,ensemble,True,False,False,False,False,False,True,57,False,5E-05,8,8,1,0.01,,,,,,,,,,,,,,,,,,,,,,,,
4.07609105110168,0.302307887395384,0.389073950699534,0.246691072937201,0.920168067226891,3,2021-09-08 20:43:57.157657,politifact,gossipcop,ensemble,ensemble,True,False,False,False,False,False,True,58,False,5E-05,8,8,1,0.01,,,,,,,,,,,,,,,,,,,,,,,,
4.43297473589579,0.312452447375095,0.392833146696528,0.249644178764589,0.921218487394958,3,2021-09-08 21:01:16.304710,politifact,gossipcop,ensemble,ensemble,True,False,False,False,False,False,True,59,False,5E-05,8,8,1,0.01,,,,,,,,,,,,,,,,,,,,,,,,
0.985576093196869,0.376363175247274,0.356114166012045,0.237181723055459,0.714285714285714,3,2021-09-08 21:28:49.617217,politifact,gossipcop,basic,basic,False,True,True,True,True,False,False,50,False,5E-05,8,8,1,0.01,,,,,,,,,,,,,,,,,,,,,,,,
0.941080868244171,0.416180573167639,0.342661336379212,0.235294117647059,0.630252100840336,3,2021-09-08 21:46:57.436047,politifact,gossipcop,basic,basic,False,True,True,True,True,False,False,51,False,5E-05,8,8,1,0.01,,,,,,,,,,,,,,,,,,,,,,,,
0.939240992069244,0.39614506720771,0.347134631203729,0.234879406307978,0.664915966386555,3,2021-09-08 22:04:20.718114,politifact,gossipcop,basic,basic,False,True,True,True,True,False,False,52,False,5E-05,8,8,1,0.01,,,,,,,,,,,,,,,,,,,,,,,,
0.876881659030914,0.462845549074309,0.354661791590494,0.249785407725322,0.611344537815126,3,2021-09-08 22:21:09.936600,politifact,gossipcop,basic,basic,False,True,True,True,True,False,False,53,False,5E-05,8,8,1,0.01,,,,,,,,,,,,,,,,,,,,,,,,
0.907498121261597,0.445853411108293,0.33767808426796,0.237324243715381,0.585084033613445,3,2021-09-08 22:37:32.410966,politifact,gossipcop,basic,basic,False,True,True,True,True,False,False,54,False,5E-05,8,8,1,0.01,,,,,,,,,,,,,,,,,,,,,,,,
0.84376323223114,0.483641897032716,0.344072164948454,0.24814126394052,0.560924369747899,3,2021-09-08 22:53:14.327900,politifact,gossipcop,basic,basic,False,True,True,True,True,False,False,55,False,5E-05,8,8,1,0.01,,,,,,,,,,,,,,,,,,,,,,,,
0.785569667816162,0.531067714937864,0.361312607944732,0.269171384457025,0.54936974789916,3,2021-09-08 23:08:44.141774,politifact,gossipcop,basic,basic,False,True,True,True,True,False,False,56,False,5E-05,8,8,1,0.01,,,,,,,,,,,,,,,,,,,,,,,,
0.972056567668915,0.376363175247274,0.33378488214576,0.224899598393574,0.647058823529412,3,2021-09-08 23:23:55.661908,politifact,gossipcop,basic,basic,False,True,True,True,True,False,False,57,False,5E-05,8,8,1,0.01,,,,,,,,,,,,,,,,,,,,,,,,
1.08055686950684,0.332741567334517,0.334092634776006,0.220073357785929,0.69327731092437,3,2021-09-08 23:39:02.776250,politifact,gossipcop,basic,basic,False,True,True,True,True,False,False,58,False,5E-05,8,8,1,0.01,,,,,,,,,,,,,,,,,,,,,,,,
0.934203624725342,0.411869135176262,0.340631219789593,0.233528265107212,0.629201680672269,3,2021-09-08 23:53:58.098239,politifact,gossipcop,basic,basic,False,True,True,True,True,False,False,59,False,5E-05,8,8,1,0.01,,,,,,,,,,,,,,,,,,,,,,,,
4.56527423858643,0.308394623383211,0.392244261199019,0.248939179632249,0.92436974789916,3,2021-09-09 00:11:18.890379,politifact,gossipcop,basic,basic,True,True,True,True,True,False,False,50,False,5E-05,8,8,1,0.01,,,,,,,,,,,,,,,,,,,,,,,,
4.14283514022827,0.325133147349734,0.388978185993111,0.248898031148986,0.889705882352941,3,2021-09-09 00:28:43.419528,politifact,gossipcop,basic,basic,True,True,True,True,True,False,False,51,False,5E-05,8,8,1,0.01,,,,,,,,,,,,,,,,,,,,,,,,
4.52196359634399,0.305097641389805,0.391381608174145,0.248169014084507,0.925420168067227,3,2021-09-09 00:45:35.521572,politifact,gossipcop,basic,basic,True,True,True,True,True,False,False,52,False,5E-05,8,8,1,0.01,,,,,,,,,,,,,,,,,,,,,,,,
4.07344913482666,0.299518133400964,0.382379248658318,0.242897727272727,0.898109243697479,3,2021-09-09 01:02:46.141399,politifact,gossipcop,basic,basic,True,True,True,True,True,False,False,53,False,5E-05,8,8,1,0.01,,,,,,,,,,,,,,,,,,,,,,,,
3.57620787620544,0.361146335277707,0.39051536414227,0.253693806978937,0.847689075630252,3,2021-09-09 01:19:57.158685,politifact,gossipcop,basic,basic,True,True,True,True,True,False,False,54,False,5E-05,8,8,1,0.01,,,,,,,,,,,,,,,,,,,,,,,,
4.35088109970093,0.313466903373066,0.383511728535641,0.244838615876708,0.884453781512605,3,2021-09-09 01:36:43.035717,politifact,gossipcop,basic,basic,True,True,True,True,True,False,False,55,False,5E-05,8,8,1,0.01,,,,,,,,,,,,,,,,,,,,,,,,
4.13428735733032,0.296221151407558,0.386740331491713,0.244892247411139,0.919117647058823,3,2021-09-09 01:54:11.190107,politifact,gossipcop,basic,basic,True,True,True,True,True,False,False,56,False,5E-05,8,8,1,0.01,,,,,,,,,,,,,,,,,,,,,,,,
4.68297863006592,0.269591681460817,0.37984496124031,0.238894907908992,0.926470588235294,3,2021-09-09 02:11:10.617071,politifact,gossipcop,basic,basic,True,True,True,True,True,False,False,57,False,5E-05,8,8,1,0.01,,,,,,,,,,,,,,,,,,,,,,,,
4.25539588928223,0.321836165356328,0.389497716894977,0.248833138856476,0.896008403361344,3,2021-09-09 02:28:13.813891,politifact,gossipcop,basic,basic,True,True,True,True,True,False,False,58,False,5E-05,8,8,1,0.01,,,,,,,,,,,,,,,,,,,,,,,,
5.58351612091064,0.295460309409079,0.389718804920914,0.246388888888889,0.93172268907563,3,2021-09-09 02:45:42.668403,politifact,gossipcop,basic,basic,True,True,True,True,True,False,False,59,False,5E-05,8,8,1,0.01,,,,,,,,,,,,,,,,,,,,,,,,
0.716875791549683,0.447628709104743,0.33394495412844,0.235547886108714,0.573529411764706,3,2021-09-09 02:51:30.715813,politifact,gossipcop,basic,basic,False,True,False,False,False,False,False,50,False,5E-05,8,8,1,0.01,,,,,,,,,,,,,,,,,,,,,,,,
0.701350629329681,0.54983515090033,0.366297750803284,0.277447268793943,0.538865546218487,3,2021-09-09 02:57:01.011614,politifact,gossipcop,basic,basic,False,True,False,False,False,False,False,51,False,5E-05,8,8,1,0.01,,,,,,,,,,,,,,,,,,,,,,,,
0.695617198944092,0.546030940907938,0.356115107913669,0.270787746170678,0.519957983193277,3,2021-09-09 03:02:32.625768,politifact,gossipcop,basic,basic,False,True,False,False,False,False,False,52,False,5E-05,8,8,1,0.01,,,,,,,,,,,,,,,,,,,,,,,,
0.700657784938812,0.52700989094598,0.334641455583304,0.253376553214479,0.492647058823529,3,2021-09-09 03:08:03.222625,politifact,gossipcop,basic,basic,False,True,False,False,False,False,False,53,False,5E-05,8,8,1,0.01,,,,,,,,,,,,,,,,,,,,,,,,
0.717385590076447,0.453969059092062,0.328656064858123,0.23370288248337,0.553571428571429,3,2021-09-09 03:13:33.976974,politifact,gossipcop,basic,basic,False,True,False,False,False,False,False,54,False,5E-05,8,8,1,0.01,,,,,,,,,,,,,,,,,,,,,,,,
0.681645333766937,0.56454476287091,0.287256122872561,0.237474262182567,0.36344537815126,3,2021-09-09 03:19:04.657242,politifact,gossipcop,basic,basic,False,True,False,False,False,False,False,55,False,5E-05,8,8,1,0.01,,,,,,,,,,,,,,,,,,,,,,,,
0.695570766925812,0.543241186913518,0.327231976092641,0.253913043478261,0.460084033613445,3,2021-09-09 03:24:35.565941,politifact,gossipcop,basic,basic,False,True,False,False,False,False,False,56,False,5E-05,8,8,1,0.01,,,,,,,,,,,,,,,,,,,,,,,,
0.700101792812347,0.453969059092062,0.308828250401284,0.222376329172446,0.505252100840336,3,2021-09-09 03:30:06.651458,politifact,gossipcop,basic,basic,False,True,False,False,False,False,False,57,False,5E-05,8,8,1,0.01,,,,,,,,,,,,,,,,,,,,,,,,
0.699581444263458,0.47299010905402,0.31913499344692,0.231904761904762,0.511554621848739,3,2021-09-09 03:35:37.515451,politifact,gossipcop,basic,basic,False,True,False,False,False,False,False,58,False,5E-05,8,8,1,0.01,,,,,,,,,,,,,,,,,,,,,,,,
0.708673715591431,0.45194014709612,0.297235772357724,0.215261422515309,0.480042016806723,3,2021-09-09 03:41:08.112760,politifact,gossipcop,basic,basic,False,True,False,False,False,False,False,59,False,5E-05,8,8,1,0.01,,,,,,,,,,,,,,,,,,,,,,,,
0.724794149398804,0.359117423281765,0.37248572138068,0.24390243902439,0.78781512605042,3,2021-09-09 03:49:27.860749,politifact,gossipcop,basic,basic,False,False,True,False,False,False,False,50,False,5E-05,8,8,1,0.01,,,,,,,,,,,,,,,,,,,,,,,,
0.720663547515869,0.362160791275678,0.366658272475447,0.241139450149056,0.764705882352941,3,2021-09-09 03:57:47.476251,politifact,gossipcop,basic,basic,False,False,True,False,False,False,False,51,False,5E-05,8,8,1,0.01,,,,,,,,,,,,,,,,,,,,,,,,
0.735179662704468,0.348212021303576,0.374391431353457,0.243662864385298,0.807773109243697,3,2021-09-09 04:06:29.791207,politifact,gossipcop,basic,basic,False,False,True,False,False,False,False,52,False,5E-05,8,8,1,0.01,,,,,,,,,,,,,,,,,,,,,,,,
0.719095945358276,0.385746893228506,0.364637985309549,0.243006993006993,0.730042016806723,3,2021-09-09 04:14:48.783167,politifact,gossipcop,basic,basic,False,False,True,False,False,False,False,53,False,5E-05,8,8,1,0.01,,,,,,,,,,,,,,,,,,,,,,,,
0.720720589160919,0.363682475272635,0.360438439969411,0.237967014473241,0.742647058823529,3,2021-09-09 04:23:08.617995,politifact,gossipcop,basic,basic,False,False,True,False,False,False,False,54,False,5E-05,8,8,1,0.01,,,,,,,,,,,,,,,,,,,,,,,,
0.72806191444397,0.37509510524981,0.36231884057971,0.240384615384615,0.735294117647059,3,2021-09-09 04:31:31.008616,politifact,gossipcop,basic,basic,False,False,True,False,False,False,False,55,False,5E-05,8,8,1,0.01,,,,,,,,,,,,,,,,,,,,,,,,
0.712441623210907,0.405782399188435,0.35790627569197,0.242120875046348,0.685924369747899,3,2021-09-09 04:40:37.640811,politifact,gossipcop,basic,basic,False,False,True,False,False,False,False,56,False,5E-05,8,8,1,0.01,,,,,,,,,,,,,,,,,,,,,,,,
0.719101250171661,0.352777073294446,0.380281690140845,0.247315224257738,0.822478991596639,3,2021-09-09 04:49:43.082724,politifact,gossipcop,basic,basic,False,False,True,False,False,False,False,57,False,5E-05,8,8,1,0.01,,,,,,,,,,,,,,,,,,,,,,,,
0.691034018993378,0.503931016992138,0.319415448851774,0.238813735691987,0.482142857142857,3,2021-09-09 04:58:48.114564,politifact,gossipcop,basic,basic,False,False,True,False,False,False,False,58,False,5E-05,8,8,1,0.01,,,,,,,,,,,,,,,,,,,,,,,,
0.709779500961304,0.455237129089526,0.329169269206746,0.234222222222222,0.553571428571429,3,2021-09-09 05:07:54.930811,politifact,gossipcop,basic,basic,False,False,True,False,False,False,False,59,False,5E-05,8,8,1,0.01,,,,,,,,,,,,,,,,,,,,,,,,
1.1240553855896,0.271874207456252,0.365244306875967,0.231307756930832,0.867647058823529,3,2021-09-09 05:18:00.747515,politifact,gossipcop,basic,basic,False,False,False,True,False,False,False,50,False,5E-05,8,8,1,0.01,,,,,,,,,,,,,,,,,,,,,,,,
1.14192664623261,0.26806999746386,0.353494623655914,0.224658314350797,0.828781512605042,3,2021-09-09 05:27:55.287245,politifact,gossipcop,basic,basic,False,False,False,True,False,False,False,51,False,5E-05,8,8,1,0.01,,,,,,,,,,,,,,,,,,,,,,,,
1.12673544883728,0.267562769464874,0.352756611385029,0.224216524216524,0.826680672268907,3,2021-09-09 05:37:53.064947,politifact,gossipcop,basic,basic,False,False,False,True,False,False,False,52,False,5E-05,8,8,1,0.01,,,,,,,,,,,,,,,,,,,,,,,,
1.06215286254883,0.26806999746386,0.359236234458259,0.227759009009009,0.849789915966386,3,2021-09-09 05:47:47.807760,politifact,gossipcop,basic,basic,False,False,False,True,False,False,False,53,False,5E-05,8,8,1,0.01,,,,,,,,,,,,,,,,,,,,,,,,
1.08586668968201,0.269084453461831,0.349729241877256,0.222701149425287,0.814075630252101,3,2021-09-09 05:57:47.992930,politifact,gossipcop,basic,basic,False,False,False,True,False,False,False,54,False,5E-05,8,8,1,0.01,,,,,,,,,,,,,,,,,,,,,,,,
1.09124398231506,0.266294699467411,0.357253943568096,0.22654268808115,0.84453781512605,3,2021-09-09 06:07:40.701673,politifact,gossipcop,basic,basic,False,False,False,True,False,False,False,55,False,5E-05,8,8,1,0.01,,,,,,,,,,,,,,,,,,,,,,,,
1.08271646499634,0.272381435455237,0.358596020567852,0.227776199943198,0.842436974789916,3,2021-09-09 06:17:27.529952,politifact,gossipcop,basic,basic,False,False,False,True,False,False,False,56,False,5E-05,8,8,1,0.01,,,,,,,,,,,,,,,,,,,,,,,,
1.08818662166595,0.266801927466396,0.354543424871623,0.225120499007655,0.834033613445378,3,2021-09-09 06:27:16.337167,politifact,gossipcop,basic,basic,False,False,False,True,False,False,False,57,False,5E-05,8,8,1,0.01,,,,,,,,,,,,,,,,,,,,,,,,
1.08610510826111,0.271874207456252,0.348831934679066,0.222447208562337,0.807773109243697,3,2021-09-09 06:36:33.990678,politifact,gossipcop,basic,basic,False,False,False,True,False,False,False,58,False,5E-05,8,8,1,0.01,,,,,,,,,,,,,,,,,,,,,,,,
1.13818740844727,0.274917575450165,0.359399507058033,0.228424950156651,0.842436974789916,3,2021-09-09 06:46:14.317524,politifact,gossipcop,basic,basic,False,False,False,True,False,False,False,59,False,5E-05,8,8,1,0.01,,,,,,,,,,,,,,,,,,,,,,,,
0.55484539270401,0.758559472482881,0,0,0,3,2021-09-09 06:52:12.747274,politifact,gossipcop,basic,basic,False,False,False,False,True,False,False,50,False,5E-05,8,8,1,0.01,,,,,,,,,,,,,,,,,,,,,,,,
0.728022992610931,0.241440527517119,0.388968335035751,0.241440527517119,1,3,2021-09-09 06:58:01.665470,politifact,gossipcop,basic,basic,False,False,False,False,True,False,False,51,False,5E-05,8,8,1,0.01,,,,,,,,,,,,,,,,,,,,,,,,
0.610657453536987,0.758559472482881,0,0,0,3,2021-09-09 07:03:50.738549,politifact,gossipcop,basic,basic,False,False,False,False,True,False,False,52,False,5E-05,8,8,1,0.01,,,,,,,,,,,,,,,,,,,,,,,,
0.554467797279358,0.758559472482881,0,0,0,3,2021-09-09 07:09:39.448777,politifact,gossipcop,basic,basic,False,False,False,False,True,False,False,53,False,5E-05,8,8,1,0.01,,,,,,,,,,,,,,,,,,,,,,,,
0.664520680904388,0.758559472482881,0,0,0,3,2021-09-09 07:15:26.441829,politifact,gossipcop,basic,basic,False,False,False,False,True,False,False,54,False,5E-05,8,8,1,0.01,,,,,,,,,,,,,,,,,,,,,,,,
1.17321217060089,0.241440527517119,0.388968335035751,0.241440527517119,1,3,2021-09-09 07:21:12.250471,politifact,gossipcop,basic,basic,False,False,False,False,True,False,False,55,False,5E-05,8,8,1,0.01,,,,,,,,,,,,,,,,,,,,,,,,
0.848756790161133,0.241440527517119,0.388968335035751,0.241440527517119,1,3,2021-09-09 07:26:59.697495,politifact,gossipcop,basic,basic,False,False,False,False,True,False,False,56,False,5E-05,8,8,1,0.01,,,,,,,,,,,,,,,,,,,,,,,,
0.722098290920258,0.241440527517119,0.388968335035751,0.241440527517119,1,3,2021-09-09 07:32:50.994246,politifact,gossipcop,basic,basic,False,False,False,False,True,False,False,57,False,5E-05,8,8,1,0.01,,,,,,,,,,,,,,,,,,,,,,,,
0.75835508108139,0.241440527517119,0.388968335035751,0.241440527517119,1,3,2021-09-09 07:38:42.986123,politifact,gossipcop,basic,basic,False,False,False,False,True,False,False,58,False,5E-05,8,8,1,0.01,,,,,,,,,,,,,,,,,,,,,,,,
1.25780832767487,0.241440527517119,0.388968335035751,0.241440527517119,1,3,2021-09-09 07:44:31.147949,politifact,gossipcop,basic,basic,False,False,False,False,True,False,False,59,False,5E-05,8,8,1,0.010.8249044418334961,0.515151515151515,0.529411764705882,0.473684210526316,0.6,3,2021-09-10 17:06:43.016423,gossipcop,politifact,basic,basic,True,False,False,False,False,True,False,50,False,5E-05,8,8,1,0.01
0.860765278339386,0.515151515151515,0.506172839506173,0.471264367816092,0.546666666666667,3,2021-09-10 18:19:20.117139,gossipcop,politifact,basic,basic,True,False,False,False,False,True,False,51,False,5E-05,8,8,1,0.01,,,,,,,,,,,,,,,,,,,,,,,,
0.804266631603241,0.551515151515152,0.564705882352941,0.505263157894737,0.64,3,2021-09-10 19:32:48.952156,gossipcop,politifact,basic,basic,True,False,False,False,False,True,False,52,False,5E-05,8,8,1,0.01,,,,,,,,,,,,,,,,,,,,,,,,
0.91978132724762,0.436363636363636,0.449704142011834,0.404255319148936,0.506666666666667,3,2021-09-10 20:45:40.388561,gossipcop,politifact,basic,basic,True,False,False,False,False,True,False,53,False,5E-05,8,8,1,0.01,,,,,,,,,,,,,,,,,,,,,,,,
0.822027683258057,0.533333333333333,0.509554140127389,0.487804878048781,0.533333333333333,3,2021-09-10 21:58:29.005300,gossipcop,politifact,basic,basic,True,False,False,False,False,True,False,54,False,5E-05,8,8,1,0.01,,,,,,,,,,,,,,,,,,,,,,,,
0.749927639961243,0.581818181818182,0.571428571428571,0.534883720930232,0.613333333333333,3,2021-09-10 23:10:50.324835,gossipcop,politifact,basic,basic,True,False,False,False,False,True,False,55,False,5E-05,8,8,1,0.01,,,,,,,,,,,,,,,,,,,,,,,,
0.823132812976837,0.509090909090909,0.509090909090909,0.466666666666667,0.56,3,2021-09-11 00:23:14.389198,gossipcop,politifact,basic,basic,True,False,False,False,False,True,False,56,False,5E-05,8,8,1,0.01,,,,,,,,,,,,,,,,,,,,,,,,
0.863682985305786,0.509090909090909,0.503067484662577,0.465909090909091,0.546666666666667,3,2021-09-11 01:35:38.535206,gossipcop,politifact,basic,basic,True,False,False,False,False,True,False,57,False,5E-05,8,8,1,0.01,,,,,,,,,,,,,,,,,,,,,,,,
0.919691681861877,0.472727272727273,0.452830188679245,0.428571428571429,0.48,3,2021-09-11 02:46:55.547737,gossipcop,politifact,basic,basic,True,False,False,False,False,True,False,58,False,5E-05,8,8,1,0.01,,,,,,,,,,,,,,,,,,,,,,,,
0.837314307689667,0.527272727272727,0.541176470588235,0.48421052631579,0.613333333333333,3,2021-09-11 04:21:49.483676,gossipcop,politifact,basic,basic,True,False,False,False,False,True,False,59,False,5E-05,8,8,1,0.01,,,,,,,,,,,,,,,,,,,,,,,,
2.80422035853068,0.460606060606061,0.359712230215827,0.390625,0.333333333333333,3,2021-09-11 12:06:36.397845,gossipcop,politifact,ensemble,ensemble,True,False,False,False,False,False,True,50,False,5E-05,8,8,1,0.01,,,,,,,,,,,,,,,,,,,,,,,,
3.02489463488261,0.509090909090909,0.372093023255814,0.444444444444444,0.32,3,2021-09-11 18:56:30.961514,gossipcop,politifact,ensemble,ensemble,True,False,False,False,False,False,True,51,False,5E-05,8,8,1,0.01,,,,,,,,,,,,,,,,,,,,,,,,
2.74775759379069,0.503030303030303,0.359375,0.433962264150943,0.306666666666667,3,2021-09-12 01:45:40.106855,gossipcop,politifact,ensemble,ensemble,True,False,False,False,False,False,True,52,False,5E-05,8,8,1,0.01,,,,,,,,,,,,,,,,,,,,,,,,
2.93825674057007,0.496969696969697,0.336,0.42,0.28,3,2021-09-12 08:33:28.105366,gossipcop,politifact,ensemble,ensemble,True,False,False,False,False,False,True,53,False,5E-05,8,8,1,0.01,,,,,,,,,,,,,,,,,,,,,,,,
3.01785079638163,0.521212121212121,0.406015037593985,0.46551724137931,0.36,3,2021-09-12 15:23:14.284038,gossipcop,politifact,ensemble,ensemble,True,False,False,False,False,False,True,54,False,5E-05,8,8,1,0.01,,,,,,,,,,,,,,,,,,,,,,,,
2.73381344477336,0.545454545454545,0.4,0.5,0.333333333333333,3,2021-09-12 22:12:26.585780,gossipcop,politifact,ensemble,ensemble,True,False,False,False,False,False,True,55,False,5E-05,8,8,1,0.01,,,,,,,,,,,,,,,,,,,,,,,,
3.07839298248291,0.503030303030303,0.369230769230769,0.436363636363636,0.32,3,2021-09-13 05:01:17.695970,gossipcop,politifact,ensemble,ensemble,True,False,False,False,False,False,True,56,False,5E-05,8,8,1,0.01,,,,,,,,,,,,,,,,,,,,,,,,
2.69595241546631,0.466666666666667,0.388888888888889,0.405797101449275,0.373333333333333,3,2021-09-13 11:51:01.048083,gossipcop,politifact,ensemble,ensemble,True,False,False,False,False,False,True,57,False,5E-05,8,8,1,0.01,,,,,,,,,,,,,,,,,,,,,,,,
2.81598647435506,0.551515151515152,0.430769230769231,0.509090909090909,0.373333333333333,3,2021-09-13 18:41:20.004117,gossipcop,politifact,ensemble,ensemble,True,False,False,False,False,False,True,58,False,5E-05,8,8,1,0.01,,,,,,,,,,,,,,,,,,,,,,,,
2.97544876734416,0.490909090909091,0.373134328358209,0.423728813559322,0.333333333333333,3,2021-09-14 01:30:09.509486,gossipcop,politifact,ensemble,ensemble,True,False,False,False,False,False,True,59,False,5E-05,8,8,1,0.01,,,,,,,,,,,,,,,,,,,,,,,,
2.88154268264771,0.4,0.521739130434783,0.409090909090909,0.72,3,2021-09-14 05:12:14.958543,gossipcop,politifact,basic,basic,False,True,True,True,True,False,False,50,False,5E-05,8,8,1,0.01,,,,,,,,,,,,,,,,,,,,,,,,
2.92920708656311,0.36969696969697,0.485148514851485,0.385826771653543,0.653333333333333,3,2021-09-14 08:15:17.932921,gossipcop,politifact,basic,basic,False,True,True,True,True,False,False,51,False,5E-05,8,8,1,0.01,,,,,,,,,,,,,,,,,,,,,,,,
3.52851867675781,0.387878787878788,0.534562211981567,0.408450704225352,0.773333333333333,3,2021-09-14 11:16:47.240419,gossipcop,politifact,basic,basic,False,True,True,True,True,False,False,52,False,5E-05,8,8,1,0.01,,,,,,,,,,,,,,,,,,,,,,,,
3.74648427963257,0.381818181818182,0.527777777777778,0.404255319148936,0.76,3,2021-09-14 14:17:40.761045,gossipcop,politifact,basic,basic,False,True,True,True,True,False,False,53,False,5E-05,8,8,1,0.01,,,,,,,,,,,,,,,,,,,,,,,,
3.06423997879028,0.393939393939394,0.519230769230769,0.406015037593985,0.72,3,2021-09-14 17:20:18.156800,gossipcop,politifact,basic,basic,False,True,True,True,True,False,False,54,False,5E-05,8,8,1,0.01,,,,,,,,,,,,,,,,,,,,,,,,
5.76665925979614,0.357575757575758,0.459183673469388,0.371900826446281,0.6,3,2021-09-14 20:21:01.986380,gossipcop,politifact,basic,basic,False,True,True,True,True,False,False,55,False,5E-05,8,8,1,0.01,,,,,,,,,,,,,,,,,,,,,,,,
3.31032204627991,0.436363636363636,0.559241706161137,0.433823529411765,0.786666666666667,3,2021-09-14 23:22:05.608269,gossipcop,politifact,basic,basic,False,True,True,True,True,False,False,56,False,5E-05,8,8,1,0.01,,,,,,,,,,,,,,,,,,,,,,,,
3.47002387046814,0.424242424242424,0.573991031390135,0.432432432432432,0.853333333333333,3,2021-09-15 02:31:59.740041,gossipcop,politifact,basic,basic,False,True,True,True,True,False,False,57,False,5E-05,8,8,1,0.01,,,,,,,,,,,,,,,,,,,,,,,,
6.07219552993774,0.315151515151515,0.420512820512821,0.341666666666667,0.546666666666667,3,2021-09-15 05:40:57.040913,gossipcop,politifact,basic,basic,False,True,True,True,True,False,False,58,False,5E-05,8,8,1,0.01,,,,,,,,,,,,,,,,,,,,,,,,
3.12107825279236,0.442424242424242,0.592920353982301,0.443708609271523,0.893333333333333,3,2021-09-15 08:42:44.745329,gossipcop,politifact,basic,basic,False,True,True,True,True,False,False,59,False,5E-05,8,8,1,0.01,,,,,,,,,,,,,,,,,,,,,,,,
4.70869874954224,0.43030303030303,0.505263157894737,0.417391304347826,0.64,3,2021-09-15 13:03:02.747503,gossipcop,politifact,basic,basic,True,True,True,True,True,False,False,50,False,5E-05,8,8,1,0.01,,,,,,,,,,,,,,,,,,,,,,,,
5.53768587112427,0.393939393939394,0.519230769230769,0.406015037593985,0.72,3,2021-09-15 17:23:34.365514,gossipcop,politifact,basic,basic,True,True,True,True,True,False,False,51,False,5E-05,8,8,1,0.01,,,,,,,,,,,,,,,,,,,,,,,,
5.32032203674316,0.375757575757576,0.477157360406091,0.385245901639344,0.626666666666667,3,2021-09-15 21:41:37.491724,gossipcop,politifact,basic,basic,True,True,True,True,True,False,False,52,False,5E-05,8,8,1,0.01,,,,,,,,,,,,,,,,,,,,,,,,
5.79499959945679,0.321212121212121,0.434343434343434,0.349593495934959,0.573333333333333,3,2021-09-16 01:54:36.660053,gossipcop,politifact,basic,basic,True,True,True,True,True,False,False,53,False,5E-05,8,8,1,0.01,,,,,,,,,,,,,,,,,,,,,,,,
3.64179539680481,0.503030303030303,0.517647058823529,0.463157894736842,0.586666666666667,3,2021-09-16 06:07:16.162690,gossipcop,politifact,basic,basic,True,True,True,True,True,False,False,54,False,5E-05,8,8,1,0.01,,,,,,,,,,,,,,,,,,,,,,,,
4.13632297515869,0.442424242424242,0.51578947368421,0.426086956521739,0.653333333333333,3,2021-09-16 10:20:41.133830,gossipcop,politifact,basic,basic,True,True,True,True,True,False,False,55,False,5E-05,8,8,1,0.01,,,,,,,,,,,,,,,,,,,,,,,,
5.6276535987854,0.387878787878788,0.471204188481675,0.387931034482759,0.6,3,2021-09-16 14:34:10.057841,gossipcop,politifact,basic,basic,True,True,True,True,True,False,False,56,False,5E-05,8,8,1,0.01,,,,,,,,,,,,,,,,,,,,,,,,
4.88261556625366,0.381818181818182,0.509615384615385,0.398496240601504,0.706666666666667,3,2021-09-16 18:47:19.345796,gossipcop,politifact,basic,basic,True,True,True,True,True,False,False,57,False,5E-05,8,8,1,0.01,,,,,,,,,,,,,,,,,,,,,,,,
4.87625122070313,0.345454545454545,0.406593406593407,0.345794392523364,0.493333333333333,3,2021-09-16 23:00:00.937868,gossipcop,politifact,basic,basic,True,True,True,True,True,False,False,58,False,5E-05,8,8,1,0.01,,,,,,,,,,,,,,,,,,,,,,,,
5.08701324462891,0.412121212121212,0.507614213197969,0.40983606557377,0.666666666666667,3,2021-09-17 03:12:08.416806,gossipcop,politifact,basic,basic,True,True,True,True,True,False,False,59,False,5E-05,8,8,1,0.01,,,,,,,,,,,,,,,,,,,,,,,,
2.42373895645142,0.375757575757576,0.502415458937198,0.393939393939394,0.693333333333333,3,2021-09-17 05:44:34.617874,gossipcop,politifact,basic,basic,False,True,False,False,False,False,False,50,False,5E-05,8,8,1,0.01,,,,,,,,,,,,,,,,,,,,,,,,
2.36361908912659,0.436363636363636,0.555023923444976,0.432835820895522,0.773333333333333,3,2021-09-17 08:19:34.636136,gossipcop,politifact,basic,basic,False,True,False,False,False,False,False,51,False,5E-05,8,8,1,0.01,,,,,,,,,,,,,,,,,,,,,,,,
2.5743420124054,0.387878787878788,0.525821596244132,0.405797101449275,0.746666666666667,3,2021-09-17 10:51:29.539102,gossipcop,politifact,basic,basic,False,True,False,False,False,False,False,52,False,5E-05,8,8,1,0.01,,,,,,,,,,,,,,,,,,,,,,,,
3.0531735420227,0.345454545454545,0.480769230769231,0.37593984962406,0.666666666666667,3,2021-09-17 13:25:10.528052,gossipcop,politifact,basic,basic,False,True,False,False,False,False,False,53,False,5E-05,8,8,1,0.01,,,,,,,,,,,,,,,,,,,,,,,,
2.34853506088257,0.424242424242424,0.536585365853658,0.423076923076923,0.733333333333333,3,2021-09-17 15:59:48.015389,gossipcop,politifact,basic,basic,False,True,False,False,False,False,False,54,False,5E-05,8,8,1,0.01,,,,,,,,,,,,,,,,,,,,,,,,
2.29345226287842,0.436363636363636,0.550724637681159,0.431818181818182,0.76,3,2021-09-17 18:24:35.874101,gossipcop,politifact,basic,basic,False,True,False,False,False,False,False,55,False,5E-05,8,8,1,0.01,,,,,,,,,,,,,,,,,,,,,,,,
2.28427743911743,0.43030303030303,0.548076923076923,0.428571428571429,0.76,3,2021-09-17 20:46:40.541991,gossipcop,politifact,basic,basic,False,True,False,False,False,False,False,56,False,5E-05,8,8,1,0.01,,,,,,,,,,,,,,,,,,,,,,,,
2.62623906135559,0.381818181818182,0.527777777777778,0.404255319148936,0.76,3,2021-09-17 23:18:29.095429,gossipcop,politifact,basic,basic,False,True,False,False,False,False,False,57,False,5E-05,8,8,1,0.01,,,,,,,,,,,,,,,,,,,,,,,,
2.47244954109192,0.4,0.517073170731707,0.407692307692308,0.706666666666667,3,2021-09-18 01:53:43.367080,gossipcop,politifact,basic,basic,False,True,False,False,False,False,False,58,False,5E-05,8,8,1,0.01,,,,,,,,,,,,,,,,,,,,,,,,
2.48633027076721,0.393939393939394,0.532710280373832,0.410071942446043,0.76,3,2021-09-18 04:24:10.031226,gossipcop,politifact,basic,basic,False,True,False,False,False,False,False,59,False,5E-05,8,8,1,0.01,,,,,,,,,,,,,,,,,,,,,,,,
0.695335209369659,0.533333333333333,0.574585635359116,0.490566037735849,0.693333333333333,3,2021-09-18 07:45:46.271803,gossipcop,politifact,basic,basic,False,False,True,False,False,False,False,50,False,5E-05,8,8,1,0.01,,,,,,,,,,,,,,,,,,,,,,,,
0.694440007209778,0.496969696969697,0.50887573964497,0.457446808510638,0.573333333333333,3,2021-09-18 10:14:46.052369,gossipcop,politifact,basic,basic,False,False,True,False,False,False,False,51,False,5E-05,8,8,1,0.01,,,,,,,,,,,,,,,,,,,,,,,,
0.691810846328735,0.521212121212121,0.538011695906433,0.479166666666667,0.613333333333333,3,2021-09-18 12:43:57.208740,gossipcop,politifact,basic,basic,False,False,True,False,False,False,False,52,False,5E-05,8,8,1,0.01,,,,,,,,,,,,,,,,,,,,,,,,
0.696487963199616,0.484848484848485,0.444444444444444,0.435897435897436,0.453333333333333,3,2021-09-18 15:13:12.870963,gossipcop,politifact,basic,basic,False,False,True,False,False,False,False,53,False,5E-05,8,8,1,0.01,,,,,,,,,,,,,,,,,,,,,,,,
0.690434873104095,0.509090909090909,0.330578512396694,0.434782608695652,0.266666666666667,3,2021-09-18 17:42:34.761152,gossipcop,politifact,basic,basic,False,False,True,False,False,False,False,54,False,5E-05,8,8,1,0.01,,,,,,,,,,,,,,,,,,,,,,,,
0.693904340267181,0.478787878787879,0.51685393258427,0.446601941747573,0.613333333333333,3,2021-09-18 20:11:50.939870,gossipcop,politifact,basic,basic,False,False,True,False,False,False,False,55,False,5E-05,8,8,1,0.01,,,,,,,,,,,,,,,,,,,,,,,,
0.692326903343201,0.527272727272727,0.530120481927711,0.483516483516484,0.586666666666667,3,2021-09-18 22:41:15.115251,gossipcop,politifact,basic,basic,False,False,True,False,False,False,False,56,False,5E-05,8,8,1,0.01,,,,,,,,,,,,,,,,,,,,,,,,
0.694942772388458,0.436363636363636,0.480446927374302,0.413461538461538,0.573333333333333,3,2021-09-19 01:10:43.359598,gossipcop,politifact,basic,basic,False,False,True,False,False,False,False,57,False,5E-05,8,8,1,0.01,,,,,,,,,,,,,,,,,,,,,,,,
0.691790103912354,0.563636363636364,0.162790697674419,0.636363636363636,0.093333333333333,3,2021-09-19 03:39:59.166032,gossipcop,politifact,basic,basic,False,False,True,False,False,False,False,58,False,5E-05,8,8,1,0.01,,,,,,,,,,,,,,,,,,,,,,,,
0.689907908439636,0.581818181818182,0.188235294117647,0.8,0.106666666666667,3,2021-09-19 06:12:57.088985,gossipcop,politifact,basic,basic,False,False,True,False,False,False,False,59,False,5E-05,8,8,1,0.01,,,,,,,,,,,,,,,,,,,,,,,,
1.16712737083435,0.484848484848485,0.519774011299435,0.450980392156863,0.613333333333333,3,2021-09-19 08:42:54.180332,gossipcop,politifact,basic,basic,False,False,False,True,False,False,False,50,False,5E-05,8,8,1,0.01,,,,,,,,,,,,,,,,,,,,,,,,
1.13496863842011,0.521212121212121,0.543352601156069,0.479591836734694,0.626666666666667,3,2021-09-19 11:12:39.215464,gossipcop,politifact,basic,basic,False,False,False,True,False,False,False,51,False,5E-05,8,8,1,0.01,,,,,,,,,,,,,,,,,,,,,,,,
1.26989877223969,0.490909090909091,0.511627906976744,0.45360824742268,0.586666666666667,3,2021-09-19 13:42:27.682418,gossipcop,politifact,basic,basic,False,False,False,True,False,False,False,52,False,5E-05,8,8,1,0.01,,,,,,,,,,,,,,,,,,,,,,,,
1.21167588233948,0.454545454545455,0.563106796116505,0.442748091603053,0.773333333333333,3,2021-09-19 16:12:28.537676,gossipcop,politifact,basic,basic,False,False,False,True,False,False,False,53,False,5E-05,8,8,1,0.01,,,,,,,,,,,,,,,,,,,,,,,,
1.09863221645355,0.575757575757576,0.551282051282051,0.530864197530864,0.573333333333333,3,2021-09-19 18:42:39.893758,gossipcop,politifact,basic,basic,False,False,False,True,False,False,False,54,False,5E-05,8,8,1,0.01,,,,,,,,,,,,,,,,,,,,,,,,
1.18482005596161,0.56969696969697,0.56969696969697,0.522222222222222,0.626666666666667,3,2021-09-19 21:12:12.584668,gossipcop,politifact,basic,basic,False,False,False,True,False,False,False,55,False,5E-05,8,8,1,0.01,,,,,,,,,,,,,,,,,,,,,,,,
1.31369745731354,0.509090909090909,0.537142857142857,0.47,0.626666666666667,3,2021-09-19 23:42:05.741673,gossipcop,politifact,basic,basic,False,False,False,True,False,False,False,56,False,5E-05,8,8,1,0.01,,,,,,,,,,,,,,,,,,,,,,,,
1.0066477060318,0.587878787878788,0.590361445783133,0.538461538461538,0.653333333333333,3,2021-09-20 02:12:09.338413,gossipcop,politifact,basic,basic,False,False,False,True,False,False,False,57,False,5E-05,8,8,1,0.01,,,,,,,,,,,,,,,,,,,,,,,,
1.13966393470764,0.412121212121212,0.512562814070352,0.411290322580645,0.68,3,2021-09-20 04:42:11.043593,gossipcop,politifact,basic,basic,False,False,False,True,False,False,False,58,False,5E-05,8,8,1,0.01,,,,,,,,,,,,,,,,,,,,,,,,
1.07168316841125,0.6,0.625,0.544554455445545,0.733333333333333,3,2021-09-20 07:11:51.467891,gossipcop,politifact,basic,basic,False,False,False,True,False,False,False,59,False,5E-05,8,8,1,0.01,,,,,,,,,,,,,,,,,,,,,,,,
0.581793963909149,0.454545454545455,0.625,0.454545454545455,1,3,2021-09-20 09:21:13.290539,gossipcop,politifact,basic,basic,False,False,False,False,True,False,False,50,False,5E-05,8,8,1,0.01,,,,,,,,,,,,,,,,,,,,,,,,
3.70462989807129,0.193939393939394,0.3248730964467,0.262295081967213,0.426666666666667,3,2021-09-20 11:30:20.356570,gossipcop,politifact,basic,basic,False,False,False,False,True,False,False,51,False,5E-05,8,8,1,0.01,,,,,,,,,,,,,,,,,,,,,,,,
6.42620372772217,0.193939393939394,0.3248730964467,0.262295081967213,0.426666666666667,3,2021-09-20 13:39:33.775748,gossipcop,politifact,basic,basic,False,False,False,False,True,False,False,52,False,5E-05,8,8,1,0.01,,,,,,,,,,,,,,,,,,,,,,,,
22.4294395446777,0.090909090909091,0.166666666666667,0.142857142857143,0.2,3,2021-09-20 15:48:56.307029,gossipcop,politifact,basic,basic,False,False,False,False,True,False,False,53,False,5E-05,8,8,1,0.01,,,,,,,,,,,,,,,,,,,,,,,,
2.98151588439941,0.545454545454545,0,0,0,3,2021-09-20 17:58:06.466509,gossipcop,politifact,basic,basic,False,False,False,False,True,False,False,54,False,5E-05,8,8,1,0.01,,,,,,,,,,,,,,,,,,,,,,,,
0.586003065109253,0.896969696969697,0.872180451127819,1,0.773333333333333,3,2021-09-20 20:07:35.526183,gossipcop,politifact,basic,basic,False,False,False,False,True,False,False,55,False,5E-05,8,8,1,0.01,,,,,,,,,,,,,,,,,,,,,,,,
0.610742747783661,0.454545454545455,0.625,0.454545454545455,1,3,2021-09-20 22:16:54.717349,gossipcop,politifact,basic,basic,False,False,False,False,True,False,False,56,False,5E-05,8,8,1,0.01,,,,,,,,,,,,,,,,,,,,,,,,
0.722599029541016,0.454545454545455,0.625,0.454545454545455,1,3,2021-09-21 00:26:34.804266,gossipcop,politifact,basic,basic,False,False,False,False,True,False,False,57,False,5E-05,8,8,1,0.01,,,,,,,,,,,,,,,,,,,,,,,,
0.708887219429016,0.454545454545455,0.625,0.454545454545455,1,3,2021-09-21 02:36:23.208336,gossipcop,politifact,basic,basic,False,False,False,False,True,False,False,58,False,5E-05,8,8,1,0.01,,,,,,,,,,,,,,,,,,,,,,,,
12.0592641830444,0.545454545454545,0,0,0,3,2021-09-21 04:45:35.097243,gossipcop,politifact,basic,basic,False,False,False,False,True,False,False,59,False,5E-05,8,8,1,0.01,,,,,,,,,,,,,,,,,,,,,,,,
3.50477695465088,0.333502409332995,0.397524071526823,0.25425219941349,0.910714285714286,3,2021-09-21 08:36:21.258316,politifact,gossipcop,extractive,extractive,True,False,False,False,False,False,False,50,False,5E-05,8,8,1,0.01,,,,,,,,,,,,,,,,,,,,,,,,
4.54964923858643,0.309155465381689,0.389784946236559,0.247722095671982,0.913865546218487,3,2021-09-21 08:42:17.473322,politifact,gossipcop,extractive,extractive,True,False,False,False,False,False,False,51,False,5E-05,8,8,1,0.01,,,,,,,,,,,,,,,,,,,,,,,,
3.79998397827148,0.312959675374081,0.393824121727456,0.250213249928917,0.92436974789916,3,2021-09-21 08:48:14.239538,politifact,gossipcop,extractive,extractive,True,False,False,False,False,False,False,52,False,5E-05,8,8,1,0.01,,,,,,,,,,,,,,,,,,,,,,,,
3.98962998390198,0.339081917321836,0.387111947318909,0.249393939393939,0.864495798319328,3,2021-09-21 08:54:10.550878,politifact,gossipcop,extractive,extractive,True,False,False,False,False,False,False,53,False,5E-05,8,8,1,0.01,,,,,,,,,,,,,,,,,,,,,,,,
3.15800404548645,0.362668019274664,0.388713208465094,0.252928141817031,0.839285714285714,3,2021-09-21 09:00:08.165886,politifact,gossipcop,extractive,extractive,True,False,False,False,False,False,False,54,False,5E-05,8,8,1,0.01,,,,,,,,,,,,,,,,,,,,,,,,
3.75860118865967,0.310677149378646,0.389762011674899,0.24785836664763,0.911764705882353,3,2021-09-21 09:06:06.848340,politifact,gossipcop,extractive,extractive,True,False,False,False,False,False,False,55,False,5E-05,8,8,1,0.01,,,,,,,,,,,,,,,,,,,,,,,,
4.2376446723938,0.30738016738524,0.394322466178754,0.249929716052854,0.933823529411765,3,2021-09-21 09:12:04.762172,politifact,gossipcop,extractive,extractive,True,False,False,False,False,False,False,56,False,5E-05,8,8,1,0.01,,,,,,,,,,,,,,,,,,,,,,,,
4.85521745681763,0.267055541465889,0.382214621633177,0.239935587761675,0.939075630252101,3,2021-09-21 09:18:03.168604,politifact,gossipcop,extractive,extractive,True,False,False,False,False,False,False,57,False,5E-05,8,8,1,0.01,,,,,,,,,,,,,,,,,,,,,,,,
3.83701086044312,0.282272381435455,0.386915077989601,0.243722707423581,0.938025210084034,3,2021-09-21 09:24:00.531154,politifact,gossipcop,extractive,extractive,True,False,False,False,False,False,False,58,False,5E-05,8,8,1,0.01,,,,,,,,,,,,,,,,,,,,,,,,
4.14698553085327,0.294699467410601,0.392662153308583,0.247863247863248,0.944327731092437,3,2021-09-21 09:29:59.548280,politifact,gossipcop,extractive,extractive,True,False,False,False,False,False,False,59,False,5E-05,8,8,1,0.01,,,,,,,,,,,,,,,,,,,,,,,,
4.25327205657959,0.288866345422267,0.392284351972258,0.247132714363736,0.95063025210084,3,2021-09-21 09:35:58.750095,politifact,gossipcop,abstractive,abstractive,True,False,False,False,False,False,False,50,False,5E-05,8,8,1,0.01,,,,,,,,,,,,,,,,,,,,,,,,
4.54921388626099,0.315749429368501,0.394252357431522,0.250713877784123,0.922268907563025,3,2021-09-21 09:41:55.277417,politifact,gossipcop,abstractive,abstractive,True,False,False,False,False,False,False,51,False,5E-05,8,8,1,0.01,,,,,,,,,,,,,,,,,,,,,,,,
4.18501901626587,0.31194521937611,0.384946724098844,0.245446660884649,0.891806722689076,3,2021-09-21 09:47:50.703048,politifact,gossipcop,abstractive,abstractive,True,False,False,False,False,False,False,52,False,5E-05,8,8,1,0.01,,,,,,,,,,,,,,,,,,,,,,,,
3.98930072784424,0.305351255389297,0.392548236859614,0.24880517289851,0.929621848739496,3,2021-09-21 09:53:49.222517,politifact,gossipcop,abstractive,abstractive,True,False,False,False,False,False,False,53,False,5E-05,8,8,1,0.01,,,,,,,,,,,,,,,,,,,,,,,,
4.11643600463867,0.3193000253614,0.392210144927536,0.25,0.909663865546218,3,2021-09-21 09:59:47.024798,politifact,gossipcop,abstractive,abstractive,True,False,False,False,False,False,False,54,False,5E-05,8,8,1,0.01,,,,,,,,,,,,,,,,,,,,,,,,
4.18975067138672,0.301293431397413,0.391160220994475,0.247691015952981,0.929621848739496,3,2021-09-21 10:05:45.408949,politifact,gossipcop,abstractive,abstractive,True,False,False,False,False,False,False,55,False,5E-05,8,8,1,0.01,,,,,,,,,,,,,,,,,,,,,,,,
4.99231863021851,0.295713923408572,0.393800480244488,0.24855332047396,0.947478991596639,3,2021-09-21 10:11:44.049481,politifact,gossipcop,abstractive,abstractive,True,False,False,False,False,False,False,56,False,5E-05,8,8,1,0.01,,,,,,,,,,,,,,,,,,,,,,,,
4.84979915618897,0.277960943444078,0.386554621848739,0.243155326646788,0.942226890756302,3,2021-09-21 10:17:42.132943,politifact,gossipcop,abstractive,abstractive,True,False,False,False,False,False,False,57,False,5E-05,8,8,1,0.01,,,,,,,,,,,,,,,,,,,,,,,,
4.92881870269775,0.266548313466903,0.38728813559322,0.242569002123142,0.960084033613445,3,2021-09-21 10:23:39.591125,politifact,gossipcop,abstractive,abstractive,True,False,False,False,False,False,False,58,False,5E-05,8,8,1,0.01,,,,,,,,,,,,,,,,,,,,,,,,
5.14437246322632,0.269845295460309,0.389136431147889,0.24381813347514,0.963235294117647,3,2021-09-21 10:29:37.551481,politifact,gossipcop,abstractive,abstractive,True,False,False,False,False,False,False,59,False,5E-05,8,8,1,0.01,,,,,,,,,,,,,,,,,,,,,,,,
3.95098471641541,0.300532589398935,0.392511013215859,0.248327759197324,0.935924369747899,3,2021-09-21 10:35:40.908203,politifact,gossipcop,basic,basic,True,False,False,False,False,False,False,50,False,5E-05,8,8,1,0.01,,,,,,,,,,,,,,,,,,,,,,,,
4.74744319915772,0.300278975399442,0.390006632765863,0.246989638756651,0.926470588235294,3,2021-09-21 10:41:45.342782,politifact,gossipcop,basic,basic,True,False,False,False,False,False,False,51,False,5E-05,8,8,1,0.01,,,,,,,,,,,,,,,,,,,,,,,,
3.56709384918213,0.313720517372559,0.394630872483221,0.250710631040364,0.926470588235294,3,2021-09-21 10:47:49.566883,politifact,gossipcop,basic,basic,True,False,False,False,False,False,False,52,False,5E-05,8,8,1,0.01,,,,,,,,,,,,,,,,,,,,,,,,
4.23345947265625,0.306619325386761,0.391362422083704,0.248305084745763,0.923319327731092,3,2021-09-21 10:53:53.198839,politifact,gossipcop,basic,basic,True,False,False,False,False,False,False,53,False,5E-05,8,8,1,0.01,,,,,,,,,,,,,,,,,,,,,,,,
3.94224691390991,0.289373573421253,0.383633963924329,0.242626599888703,0.915966386554622,3,2021-09-21 10:59:56.814586,politifact,gossipcop,basic,basic,True,False,False,False,False,False,False,54,False,5E-05,8,8,1,0.01,,,,,,,,,,,,,,,,,,,,,,,,
4.45510244369507,0.323104235353791,0.394647312315718,0.251663291871565,0.913865546218487,3,2021-09-21 11:06:00.989393,politifact,gossipcop,basic,basic,True,False,False,False,False,False,False,55,False,5E-05,8,8,1,0.01,,,,,,,,,,,,,,,,,,,,,,,,
4.52821207046509,0.297996449404007,0.391915641476274,0.247777777777778,0.936974789915966,3,2021-09-21 11:12:04.799129,politifact,gossipcop,basic,basic,True,False,False,False,False,False,False,56,False,5E-05,8,8,1,0.01,,,,,,,,,,,,,,,,,,,,,,,,
4.87120819091797,0.28911995942176,0.386786261211989,0.244266371925946,0.928571428571429,3,2021-09-21 11:18:08.656512,politifact,gossipcop,basic,basic,True,False,False,False,False,False,False,57,False,5E-05,8,8,1,0.01,,,,,,,,,,,,,,,,,,,,,,,,
4.23370122909546,0.283540451432919,0.386269824027808,0.243494932895097,0.933823529411765,3,2021-09-21 11:24:12.117155,politifact,gossipcop,basic,basic,True,False,False,False,False,False,False,58,False,5E-05,8,8,1,0.01,,,,,,,,,,,,,,,,,,,,,,,,
4.44712162017822,0.301547045396906,0.397637795275591,0.251104972375691,0.954831932773109,3,2021-09-21 11:30:15.649959,politifact,gossipcop,basic,basic,True,False,False,False,False,False,False,59,False,5E-05,8,8,1,0.01,,,,,,,,,,,,,,,,,,,,,,,,
2.56649565696716,0.503030303030303,0.397058823529412,0.442622950819672,0.36,3,2021-09-21 17:17:59.718735,gossipcop,politifact,basic,basic,True,False,False,False,False,False,False,50,False,5E-05,8,8,1,0.01,,,,,,,,,,,,,,,,,,,,,,,,
3.39183306694031,0.393939393939394,0.367088607594937,0.349397590361446,0.386666666666667,3,2021-09-21 19:33:55.278121,gossipcop,politifact,basic,basic,True,False,False,False,False,False,False,51,False,5E-05,8,8,1,0.01,,,,,,,,,,,,,,,,,,,,,,,,
2.73236966133118,0.503030303030303,0.369230769230769,0.436363636363636,0.32,3,2021-09-21 21:49:43.144499,gossipcop,politifact,basic,basic,True,False,False,False,False,False,False,52,False,5E-05,8,8,1,0.01,,,,,,,,,,,,,,,,,,,,,,,,
2.89652991294861,0.466666666666667,0.36231884057971,0.396825396825397,0.333333333333333,3,2021-09-22 00:05:47.322012,gossipcop,politifact,basic,basic,True,False,False,False,False,False,False,53,False,5E-05,8,8,1,0.01,,,,,,,,,,,,,,,,,,,,,,,,
2.91276907920837,0.466666666666667,0.352941176470588,0.39344262295082,0.32,3,2021-09-22 02:21:31.073754,gossipcop,politifact,basic,basic,True,False,False,False,False,False,False,54,False,5E-05,8,8,1,0.01,,,,,,,,,,,,,,,,,,,,,,,,
2.59806251525879,0.490909090909091,0.416666666666667,0.434782608695652,0.4,3,2021-09-22 04:37:26.786636,gossipcop,politifact,basic,basic,True,False,False,False,False,False,False,55,False,5E-05,8,8,1,0.01,,,,,,,,,,,,,,,,,,,,,,,,
2.985835313797,0.503030303030303,0.369230769230769,0.436363636363636,0.32,3,2021-09-22 07:02:03.524183,gossipcop,politifact,basic,basic,True,False,False,False,False,False,False,56,False,5E-05,8,8,1,0.01,,,,,,,,,,,,,,,,,,,,,,,,
2.89566826820374,0.466666666666667,0.380281690140845,0.402985074626866,0.36,3,2021-09-22 09:17:48.353175,gossipcop,politifact,basic,basic,True,False,False,False,False,False,False,57,False,5E-05,8,8,1,0.01,,,,,,,,,,,,,,,,,,,,,,,,
2.80598783493042,0.466666666666667,0.36231884057971,0.396825396825397,0.333333333333333,3,2021-09-22 11:33:44.302414,gossipcop,politifact,basic,basic,True,False,False,False,False,False,False,58,False,5E-05,8,8,1,0.01,,,,,,,,,,,,,,,,,,,,,,,,
2.97974300384521,0.472727272727273,0.408163265306122,0.416666666666667,0.4,3,2021-09-22 13:49:47.161468,gossipcop,politifact,basic,basic,True,False,False,False,False,False,False,59,False,5E-05,8,8,1,0.01,,,,,,,,,,,,,,,,,,,,,,,,
2.2550687789917,0.563636363636364,0.485714285714286,0.523076923076923,0.453333333333333,3,2021-09-22 16:04:56.809910,gossipcop,politifact,extractive,extractive,True,False,False,False,False,False,False,50,False,5E-05,8,8,1,0.01,,,,,,,,,,,,,,,,,,,,,,,,
3.02832245826721,0.454545454545455,0.407894736842105,0.402597402597403,0.413333333333333,3,2021-09-22 18:20:04.600161,gossipcop,politifact,extractive,extractive,True,False,False,False,False,False,False,51,False,5E-05,8,8,1,0.01,,,,,,,,,,,,,,,,,,,,,,,,
2.13832187652588,0.575757575757576,0.46969696969697,0.543859649122807,0.413333333333333,3,2021-09-22 20:35:10.804654,gossipcop,politifact,extractive,extractive,True,False,False,False,False,False,False,52,False,5E-05,8,8,1,0.01,,,,,,,,,,,,,,,,,,,,,,,,
2.86194229125977,0.43030303030303,0.328571428571429,0.353846153846154,0.306666666666667,3,2021-09-22 22:50:08.060632,gossipcop,politifact,extractive,extractive,True,False,False,False,False,False,False,53,False,5E-05,8,8,1,0.01,,,,,,,,,,,,,,,,,,,,,,,,
2.8034827709198,0.490909090909091,0.373134328358209,0.423728813559322,0.333333333333333,3,2021-09-23 01:05:03.597848,gossipcop,politifact,extractive,extractive,True,False,False,False,False,False,False,54,False,5E-05,8,8,1,0.01,,,,,,,,,,,,,,,,,,,,,,,,
2.59689688682556,0.533333333333333,0.393700787401575,0.480769230769231,0.333333333333333,3,2021-09-23 03:19:58.495417,gossipcop,politifact,extractive,extractive,True,False,False,False,False,False,False,55,False,5E-05,8,8,1,0.01,,,,,,,,,,,,,,,,,,,,,,,,
2.82151317596436,0.496969696969697,0.366412213740458,0.428571428571429,0.32,3,2021-09-23 05:34:53.964088,gossipcop,politifact,extractive,extractive,True,False,False,False,False,False,False,56,False,5E-05,8,8,1,0.01,,,,,,,,,,,,,,,,,,,,,,,,
3.13773441314697,0.454545454545455,0.307692307692308,0.363636363636364,0.266666666666667,3,2021-09-23 07:49:49.066138,gossipcop,politifact,extractive,extractive,True,False,False,False,False,False,False,57,False,5E-05,8,8,1,0.01,,,,,,,,,,,,,,,,,,,,,,,,
2.96930718421936,0.484848484848485,0.341085271317829,0.407407407407407,0.293333333333333,3,2021-09-23 10:04:45.985436,gossipcop,politifact,extractive,extractive,True,False,False,False,False,False,False,58,False,5E-05,8,8,1,0.01,,,,,,,,,,,,,,,,,,,,,,,,
2.54097723960876,0.539393939393939,0.449275362318841,0.492063492063492,0.413333333333333,3,2021-09-23 12:19:35.003005,gossipcop,politifact,extractive,extractive,True,False,False,False,False,False,False,59,False,5E-05,8,8,1,0.01,,,,,,,,,,,,,,,,,,,,,,,,
3.19116806983948,0.424242424242424,0.36241610738255,0.364864864864865,0.36,3,2021-09-23 14:34:26.423730,gossipcop,politifact,abstractive,abstractive,True,False,False,False,False,False,False,50,False,5E-05,8,8,1,0.01,,,,,,,,,,,,,,,,,,,,,,,,
3.58413910865784,0.406060606060606,0.319444444444444,0.333333333333333,0.306666666666667,3,2021-09-23 16:49:33.000674,gossipcop,politifact,abstractive,abstractive,True,False,False,False,False,False,False,51,False,5E-05,8,8,1,0.01,,,,,,,,,,,,,,,,,,,,,,,,
3.03630566596985,0.472727272727273,0.33587786259542,0.392857142857143,0.293333333333333,3,2021-09-23 19:04:33.681508,gossipcop,politifact,abstractive,abstractive,True,False,False,False,False,False,False,52,False,5E-05,8,8,1,0.01,,,,,,,,,,,,,,,,,,,,,,,,
2.92653656005859,0.424242424242424,0.326241134751773,0.348484848484848,0.306666666666667,3,2021-09-23 21:19:33.832158,gossipcop,politifact,abstractive,abstractive,True,False,False,False,False,False,False,53,False,5E-05,8,8,1,0.01,,,,,,,,,,,,,,,,,,,,,,,,
3.05833411216736,0.478787878787879,0.358208955223881,0.406779661016949,0.32,3,2021-09-23 23:34:34.159844,gossipcop,politifact,abstractive,abstractive,True,False,False,False,False,False,False,54,False,5E-05,8,8,1,0.01,,,,,,,,,,,,,,,,,,,,,,,,
2.82322645187378,0.503030303030303,0.405797101449275,0.444444444444444,0.373333333333333,3,2021-09-24 01:49:27.989962,gossipcop,politifact,abstractive,abstractive,True,False,False,False,False,False,False,55,False,5E-05,8,8,1,0.01,,,,,,,,,,,,,,,,,,,,,,,,
2.85033369064331,0.484848484848485,0.397163120567376,0.424242424242424,0.373333333333333,3,2021-09-24 04:04:22.096426,gossipcop,politifact,abstractive,abstractive,True,False,False,False,False,False,False,56,False,5E-05,8,8,1,0.01,,,,,,,,,,,,,,,,,,,,,,,,
3.13895106315613,0.472727272727273,0.4,0.414285714285714,0.386666666666667,3,2021-09-24 06:19:23.881961,gossipcop,politifact,abstractive,abstractive,True,False,False,False,False,False,False,57,False,5E-05,8,8,1,0.01,,,,,,,,,,,,,,,,,,,,,,,,
2.99043798446655,0.496969696969697,0.41958041958042,0.441176470588235,0.4,3,2021-09-24 08:34:24.947216,gossipcop,politifact,abstractive,abstractive,True,False,False,False,False,False,False,58,False,5E-05,8,8,1,0.01,,,,,,,,,,,,,,,,,,,,,,,,
3.22487878799438,0.466666666666667,0.397260273972603,0.408450704225352,0.386666666666667,3,2021-09-24 10:49:31.286082,gossipcop,politifact,abstractive,abstractive,True,False,False,False,False,False,False,59,False,5E-05,8,8,1,0.01,,,,,,,,,,,,,,,,,,,,,,,,
0.824904441833496,0.515151515151515,0.529411764705882,0.473684210526316,0.6,3,2021-10-03 16:44:21.674601,gossipcop,politifact,basic,basic,True,False,False,False,False,True,False,50,False,5E-05,8,8,1,0.01,,,,,,,,,,,,,,,,,,,,,,,,
